{
  "ABIRoot": {
    "kind": "Root",
    "name": "IONFileViewerLib",
    "printedName": "IONFileViewerLib",
    "children": [
      {
        "kind": "Import",
        "name": "UIKit",
        "printedName": "UIKit",
        "declKind": "Import",
        "moduleName": "IONFileViewerLib"
      },
      {
        "kind": "Import",
        "name": "Foundation",
        "printedName": "Foundation",
        "declKind": "Import",
        "moduleName": "IONFileViewerLib"
      },
      {
        "kind": "Import",
        "name": "Foundation",
        "printedName": "Foundation",
        "declKind": "Import",
        "moduleName": "IONFileViewerLib"
      },
      {
        "kind": "Import",
        "name": "UIKit",
        "printedName": "UIKit",
        "declKind": "Import",
        "moduleName": "IONFileViewerLib"
      },
      {
        "kind": "TypeDecl",
        "name": "IONFLVWManager",
        "printedName": "IONFLVWManager",
        "children": [
          {
            "kind": "Constructor",
            "name": "init",
            "printedName": "init(viewController:fileManager:)",
            "children": [
              {
                "kind": "TypeNominal",
                "name": "IONFLVWManager",
                "printedName": "IONFileViewerLib.IONFLVWManager",
                "usr": "s:16IONFileViewerLib14IONFLVWManagerC"
              },
              {
                "kind": "TypeNominal",
                "name": "UIViewController",
                "printedName": "UIKit.UIViewController",
                "usr": "c:objc(cs)UIViewController"
              },
              {
                "kind": "TypeNominal",
                "name": "FileManager",
                "printedName": "Foundation.FileManager",
                "hasDefaultArg": true,
                "usr": "c:objc(cs)NSFileManager"
              }
            ],
            "declKind": "Constructor",
            "usr": "s:16IONFileViewerLib14IONFLVWManagerC14viewController11fileManagerACSo06UIViewF0C_So06NSFileH0Ctcfc",
            "mangledName": "$s16IONFileViewerLib14IONFLVWManagerC14viewController11fileManagerACSo06UIViewF0C_So06NSFileH0Ctcfc",
            "moduleName": "IONFileViewerLib",
            "declAttributes": [
              "AccessControl"
            ],
            "init_kind": "Designated"
          },
          {
            "kind": "Function",
            "name": "openDocumentFromLocalPath",
            "printedName": "openDocumentFromLocalPath(filePath:completion:)",
            "children": [
              {
                "kind": "TypeNominal",
                "name": "Void",
                "printedName": "()"
              },
              {
                "kind": "TypeNominal",
                "name": "String",
                "printedName": "Swift.String",
                "usr": "s:SS"
              },
              {
                "kind": "TypeFunc",
                "name": "Function",
                "printedName": "() -> ()",
                "children": [
                  {
                    "kind": "TypeNominal",
                    "name": "Void",
                    "printedName": "()"
                  },
                  {
                    "kind": "TypeNominal",
                    "name": "Void",
                    "printedName": "()"
                  }
                ]
              }
            ],
            "declKind": "Func",
            "usr": "s:16IONFileViewerLib14IONFLVWManagerC25openDocumentFromLocalPath04fileI010completionySS_yyctKF",
            "mangledName": "$s16IONFileViewerLib14IONFLVWManagerC25openDocumentFromLocalPath04fileI010completionySS_yyctKF",
            "moduleName": "IONFileViewerLib",
            "declAttributes": [
              "AccessControl"
            ],
            "isFromExtension": true,
            "throwing": true,
            "funcSelfKind": "NonMutating"
          },
          {
            "kind": "Function",
            "name": "openDocumentFromResources",
            "printedName": "openDocumentFromResources(assetPath:completion:)",
            "children": [
              {
                "kind": "TypeNominal",
                "name": "Void",
                "printedName": "()"
              },
              {
                "kind": "TypeNominal",
                "name": "String",
                "printedName": "Swift.String",
                "usr": "s:SS"
              },
              {
                "kind": "TypeFunc",
                "name": "Function",
                "printedName": "() -> ()",
                "children": [
                  {
                    "kind": "TypeNominal",
                    "name": "Void",
                    "printedName": "()"
                  },
                  {
                    "kind": "TypeNominal",
                    "name": "Void",
                    "printedName": "()"
                  }
                ]
              }
            ],
            "declKind": "Func",
            "usr": "s:16IONFileViewerLib14IONFLVWManagerC25openDocumentFromResources9assetPath10completionySS_yyctKF",
            "mangledName": "$s16IONFileViewerLib14IONFLVWManagerC25openDocumentFromResources9assetPath10completionySS_yyctKF",
            "moduleName": "IONFileViewerLib",
            "declAttributes": [
              "AccessControl"
            ],
            "isFromExtension": true,
            "throwing": true,
            "funcSelfKind": "NonMutating"
          },
          {
            "kind": "Function",
            "name": "openDocumentFromUrl",
            "printedName": "openDocumentFromUrl(url:completion:)",
            "children": [
              {
                "kind": "TypeNominal",
                "name": "Void",
                "printedName": "()"
              },
              {
                "kind": "TypeNominal",
                "name": "String",
                "printedName": "Swift.String",
                "usr": "s:SS"
              },
              {
                "kind": "TypeFunc",
                "name": "Function",
                "printedName": "(IONFileViewerLib.IONFLVWError?) -> ()",
                "children": [
                  {
                    "kind": "TypeNominal",
                    "name": "Void",
                    "printedName": "()"
                  },
                  {
                    "kind": "TypeNominal",
                    "name": "Optional",
                    "printedName": "IONFileViewerLib.IONFLVWError?",
                    "children": [
                      {
                        "kind": "TypeNominal",
                        "name": "IONFLVWError",
                        "printedName": "IONFileViewerLib.IONFLVWError",
                        "usr": "s:16IONFileViewerLib12IONFLVWErrorO"
                      }
                    ],
                    "usr": "s:Sq"
                  }
                ]
              }
            ],
            "declKind": "Func",
            "usr": "s:16IONFileViewerLib14IONFLVWManagerC19openDocumentFromUrl3url10completionySS_yAA12IONFLVWErrorOSgctKF",
            "mangledName": "$s16IONFileViewerLib14IONFLVWManagerC19openDocumentFromUrl3url10completionySS_yAA12IONFLVWErrorOSgctKF",
            "moduleName": "IONFileViewerLib",
            "declAttributes": [
              "AccessControl"
            ],
            "isFromExtension": true,
            "throwing": true,
            "funcSelfKind": "NonMutating"
          },
          {
            "kind": "Function",
            "name": "previewMediaContentFromLocalPath",
            "printedName": "previewMediaContentFromLocalPath(filePath:)",
            "children": [
              {
                "kind": "TypeNominal",
                "name": "Void",
                "printedName": "()"
              },
              {
                "kind": "TypeNominal",
                "name": "String",
                "printedName": "Swift.String",
                "usr": "s:SS"
              }
            ],
            "declKind": "Func",
            "usr": "s:16IONFileViewerLib14IONFLVWManagerC32previewMediaContentFromLocalPath04fileJ0ySS_tKF",
            "mangledName": "$s16IONFileViewerLib14IONFLVWManagerC32previewMediaContentFromLocalPath04fileJ0ySS_tKF",
            "moduleName": "IONFileViewerLib",
            "declAttributes": [
              "AccessControl"
            ],
            "isFromExtension": true,
            "throwing": true,
            "funcSelfKind": "NonMutating"
          },
          {
            "kind": "Function",
            "name": "previewMediaContentFromResources",
            "printedName": "previewMediaContentFromResources(assetPath:)",
            "children": [
              {
                "kind": "TypeNominal",
                "name": "Void",
                "printedName": "()"
              },
              {
                "kind": "TypeNominal",
                "name": "String",
                "printedName": "Swift.String",
                "usr": "s:SS"
              }
            ],
            "declKind": "Func",
            "usr": "s:16IONFileViewerLib14IONFLVWManagerC32previewMediaContentFromResources9assetPathySS_tKF",
            "mangledName": "$s16IONFileViewerLib14IONFLVWManagerC32previewMediaContentFromResources9assetPathySS_tKF",
            "moduleName": "IONFileViewerLib",
            "declAttributes": [
              "AccessControl"
            ],
            "isFromExtension": true,
            "throwing": true,
            "funcSelfKind": "NonMutating"
          },
          {
            "kind": "Function",
            "name": "previewMediaContentFromUrl",
            "printedName": "previewMediaContentFromUrl(url:)",
            "children": [
              {
                "kind": "TypeNominal",
                "name": "Void",
                "printedName": "()"
              },
              {
                "kind": "TypeNominal",
                "name": "String",
                "printedName": "Swift.String",
                "usr": "s:SS"
              }
            ],
            "declKind": "Func",
            "usr": "s:16IONFileViewerLib14IONFLVWManagerC26previewMediaContentFromUrl3urlySS_tKF",
            "mangledName": "$s16IONFileViewerLib14IONFLVWManagerC26previewMediaContentFromUrl3urlySS_tKF",
            "moduleName": "IONFileViewerLib",
            "declAttributes": [
              "AccessControl"
            ],
            "isFromExtension": true,
            "throwing": true,
            "funcSelfKind": "NonMutating"
          }
        ],
        "declKind": "Class",
        "usr": "s:16IONFileViewerLib14IONFLVWManagerC",
        "mangledName": "$s16IONFileViewerLib14IONFLVWManagerC",
        "moduleName": "IONFileViewerLib",
        "declAttributes": [
          "AccessControl"
        ],
        "conformances": [
          {
            "kind": "Conformance",
            "name": "Copyable",
            "printedName": "Copyable",
            "usr": "s:s8CopyableP",
            "mangledName": "$ss8CopyableP"
          },
          {
            "kind": "Conformance",
            "name": "Escapable",
            "printedName": "Escapable",
            "usr": "s:s9EscapableP",
            "mangledName": "$ss9EscapableP"
          },
          {
            "kind": "Conformance",
            "name": "IONFLVWOpenDocumentManager",
            "printedName": "IONFLVWOpenDocumentManager",
            "usr": "s:16IONFileViewerLib26IONFLVWOpenDocumentManagerP",
            "mangledName": "$s16IONFileViewerLib26IONFLVWOpenDocumentManagerP"
          },
          {
            "kind": "Conformance",
            "name": "IONFLVWPreviewMediaManager",
            "printedName": "IONFLVWPreviewMediaManager",
            "usr": "s:16IONFileViewerLib26IONFLVWPreviewMediaManagerP",
            "mangledName": "$s16IONFileViewerLib26IONFLVWPreviewMediaManagerP"
          }
        ]
      },
      {
        "kind": "Import",
        "name": "Foundation",
        "printedName": "Foundation",
        "declKind": "Import",
        "moduleName": "IONFileViewerLib"
      },
      {
        "kind": "TypeDecl",
        "name": "IONFLVWError",
        "printedName": "IONFLVWError",
        "children": [
          {
            "kind": "Var",
            "name": "fileDoesNotExist",
            "printedName": "fileDoesNotExist",
            "children": [
              {
                "kind": "TypeFunc",
                "name": "Function",
                "printedName": "(IONFileViewerLib.IONFLVWError.Type) -> (Swift.String) -> IONFileViewerLib.IONFLVWError",
                "children": [
                  {
                    "kind": "TypeFunc",
                    "name": "Function",
                    "printedName": "(Swift.String) -> IONFileViewerLib.IONFLVWError",
                    "children": [
                      {
                        "kind": "TypeNominal",
                        "name": "IONFLVWError",
                        "printedName": "IONFileViewerLib.IONFLVWError",
                        "usr": "s:16IONFileViewerLib12IONFLVWErrorO"
                      },
                      {
                        "kind": "TypeNominal",
                        "name": "Tuple",
                        "printedName": "(atPath: Swift.String)",
                        "children": [
                          {
                            "kind": "TypeNominal",
                            "name": "String",
                            "printedName": "Swift.String",
                            "usr": "s:SS"
                          }
                        ]
                      }
                    ]
                  },
                  {
                    "kind": "TypeNominal",
                    "name": "Metatype",
                    "printedName": "IONFileViewerLib.IONFLVWError.Type",
                    "children": [
                      {
                        "kind": "TypeNominal",
                        "name": "IONFLVWError",
                        "printedName": "IONFileViewerLib.IONFLVWError",
                        "usr": "s:16IONFileViewerLib12IONFLVWErrorO"
                      }
                    ]
                  }
                ]
              }
            ],
            "declKind": "EnumElement",
            "usr": "s:16IONFileViewerLib12IONFLVWErrorO16fileDoesNotExistyACSS_tcACmF",
            "mangledName": "$s16IONFileViewerLib12IONFLVWErrorO16fileDoesNotExistyACSS_tcACmF",
            "moduleName": "IONFileViewerLib"
          },
          {
            "kind": "Var",
            "name": "emptyFilePath",
            "printedName": "emptyFilePath",
            "children": [
              {
                "kind": "TypeFunc",
                "name": "Function",
                "printedName": "(IONFileViewerLib.IONFLVWError.Type) -> IONFileViewerLib.IONFLVWError",
                "children": [
                  {
                    "kind": "TypeNominal",
                    "name": "IONFLVWError",
                    "printedName": "IONFileViewerLib.IONFLVWError",
                    "usr": "s:16IONFileViewerLib12IONFLVWErrorO"
                  },
                  {
                    "kind": "TypeNominal",
                    "name": "Metatype",
                    "printedName": "IONFileViewerLib.IONFLVWError.Type",
                    "children": [
                      {
                        "kind": "TypeNominal",
                        "name": "IONFLVWError",
                        "printedName": "IONFileViewerLib.IONFLVWError",
                        "usr": "s:16IONFileViewerLib12IONFLVWErrorO"
                      }
                    ]
                  }
                ]
              }
            ],
            "declKind": "EnumElement",
            "usr": "s:16IONFileViewerLib12IONFLVWErrorO13emptyFilePathyA2CmF",
            "mangledName": "$s16IONFileViewerLib12IONFLVWErrorO13emptyFilePathyA2CmF",
            "moduleName": "IONFileViewerLib"
          },
          {
            "kind": "Var",
            "name": "couldNotOpenDocument",
            "printedName": "couldNotOpenDocument",
            "children": [
              {
                "kind": "TypeFunc",
                "name": "Function",
                "printedName": "(IONFileViewerLib.IONFLVWError.Type) -> IONFileViewerLib.IONFLVWError",
                "children": [
                  {
                    "kind": "TypeNominal",
                    "name": "IONFLVWError",
                    "printedName": "IONFileViewerLib.IONFLVWError",
                    "usr": "s:16IONFileViewerLib12IONFLVWErrorO"
                  },
                  {
                    "kind": "TypeNominal",
                    "name": "Metatype",
                    "printedName": "IONFileViewerLib.IONFLVWError.Type",
                    "children": [
                      {
                        "kind": "TypeNominal",
                        "name": "IONFLVWError",
                        "printedName": "IONFileViewerLib.IONFLVWError",
                        "usr": "s:16IONFileViewerLib12IONFLVWErrorO"
                      }
                    ]
                  }
                ]
              }
            ],
            "declKind": "EnumElement",
            "usr": "s:16IONFileViewerLib12IONFLVWErrorO20couldNotOpenDocumentyA2CmF",
            "mangledName": "$s16IONFileViewerLib12IONFLVWErrorO20couldNotOpenDocumentyA2CmF",
            "moduleName": "IONFileViewerLib"
          },
          {
            "kind": "Var",
            "name": "invalidURL",
            "printedName": "invalidURL",
            "children": [
              {
                "kind": "TypeFunc",
                "name": "Function",
                "printedName": "(IONFileViewerLib.IONFLVWError.Type) -> (Swift.String) -> IONFileViewerLib.IONFLVWError",
                "children": [
                  {
                    "kind": "TypeFunc",
                    "name": "Function",
                    "printedName": "(Swift.String) -> IONFileViewerLib.IONFLVWError",
                    "children": [
                      {
                        "kind": "TypeNominal",
                        "name": "IONFLVWError",
                        "printedName": "IONFileViewerLib.IONFLVWError",
                        "usr": "s:16IONFileViewerLib12IONFLVWErrorO"
                      },
                      {
                        "kind": "TypeNominal",
                        "name": "Tuple",
                        "printedName": "(forUrl: Swift.String)",
                        "children": [
                          {
                            "kind": "TypeNominal",
                            "name": "String",
                            "printedName": "Swift.String",
                            "usr": "s:SS"
                          }
                        ]
                      }
                    ]
                  },
                  {
                    "kind": "TypeNominal",
                    "name": "Metatype",
                    "printedName": "IONFileViewerLib.IONFLVWError.Type",
                    "children": [
                      {
                        "kind": "TypeNominal",
                        "name": "IONFLVWError",
                        "printedName": "IONFileViewerLib.IONFLVWError",
                        "usr": "s:16IONFileViewerLib12IONFLVWErrorO"
                      }
                    ]
                  }
                ]
              }
            ],
            "declKind": "EnumElement",
            "usr": "s:16IONFileViewerLib12IONFLVWErrorO10invalidURLyACSS_tcACmF",
            "mangledName": "$s16IONFileViewerLib12IONFLVWErrorO10invalidURLyACSS_tcACmF",
            "moduleName": "IONFileViewerLib"
          },
          {
            "kind": "Var",
            "name": "invalidEmptyURL",
            "printedName": "invalidEmptyURL",
            "children": [
              {
                "kind": "TypeFunc",
                "name": "Function",
                "printedName": "(IONFileViewerLib.IONFLVWError.Type) -> IONFileViewerLib.IONFLVWError",
                "children": [
                  {
                    "kind": "TypeNominal",
                    "name": "IONFLVWError",
                    "printedName": "IONFileViewerLib.IONFLVWError",
                    "usr": "s:16IONFileViewerLib12IONFLVWErrorO"
                  },
                  {
                    "kind": "TypeNominal",
                    "name": "Metatype",
                    "printedName": "IONFileViewerLib.IONFLVWError.Type",
                    "children": [
                      {
                        "kind": "TypeNominal",
                        "name": "IONFLVWError",
                        "printedName": "IONFileViewerLib.IONFLVWError",
                        "usr": "s:16IONFileViewerLib12IONFLVWErrorO"
                      }
                    ]
                  }
                ]
              }
            ],
            "declKind": "EnumElement",
            "usr": "s:16IONFileViewerLib12IONFLVWErrorO15invalidEmptyURLyA2CmF",
            "mangledName": "$s16IONFileViewerLib12IONFLVWErrorO15invalidEmptyURLyA2CmF",
            "moduleName": "IONFileViewerLib"
          },
          {
            "kind": "Var",
            "name": "downloadFailed",
            "printedName": "downloadFailed",
            "children": [
              {
                "kind": "TypeFunc",
                "name": "Function",
                "printedName": "(IONFileViewerLib.IONFLVWError.Type) -> IONFileViewerLib.IONFLVWError",
                "children": [
                  {
                    "kind": "TypeNominal",
                    "name": "IONFLVWError",
                    "printedName": "IONFileViewerLib.IONFLVWError",
                    "usr": "s:16IONFileViewerLib12IONFLVWErrorO"
                  },
                  {
                    "kind": "TypeNominal",
                    "name": "Metatype",
                    "printedName": "IONFileViewerLib.IONFLVWError.Type",
                    "children": [
                      {
                        "kind": "TypeNominal",
                        "name": "IONFLVWError",
                        "printedName": "IONFileViewerLib.IONFLVWError",
                        "usr": "s:16IONFileViewerLib12IONFLVWErrorO"
                      }
                    ]
                  }
                ]
              }
            ],
            "declKind": "EnumElement",
            "usr": "s:16IONFileViewerLib12IONFLVWErrorO14downloadFailedyA2CmF",
            "mangledName": "$s16IONFileViewerLib12IONFLVWErrorO14downloadFailedyA2CmF",
            "moduleName": "IONFileViewerLib"
          },
          {
            "kind": "Var",
            "name": "missingFileExtension",
            "printedName": "missingFileExtension",
            "children": [
              {
                "kind": "TypeFunc",
                "name": "Function",
                "printedName": "(IONFileViewerLib.IONFLVWError.Type) -> IONFileViewerLib.IONFLVWError",
                "children": [
                  {
                    "kind": "TypeNominal",
                    "name": "IONFLVWError",
                    "printedName": "IONFileViewerLib.IONFLVWError",
                    "usr": "s:16IONFileViewerLib12IONFLVWErrorO"
                  },
                  {
                    "kind": "TypeNominal",
                    "name": "Metatype",
                    "printedName": "IONFileViewerLib.IONFLVWError.Type",
                    "children": [
                      {
                        "kind": "TypeNominal",
                        "name": "IONFLVWError",
                        "printedName": "IONFileViewerLib.IONFLVWError",
                        "usr": "s:16IONFileViewerLib12IONFLVWErrorO"
                      }
                    ]
                  }
                ]
              }
            ],
            "declKind": "EnumElement",
            "usr": "s:16IONFileViewerLib12IONFLVWErrorO20missingFileExtensionyA2CmF",
            "mangledName": "$s16IONFileViewerLib12IONFLVWErrorO20missingFileExtensionyA2CmF",
            "moduleName": "IONFileViewerLib"
          },
          {
            "kind": "Var",
            "name": "errorDescription",
            "printedName": "errorDescription",
            "children": [
              {
                "kind": "TypeNominal",
                "name": "Optional",
                "printedName": "Swift.String?",
                "children": [
                  {
                    "kind": "TypeNominal",
                    "name": "String",
                    "printedName": "Swift.String",
                    "usr": "s:SS"
                  }
                ],
                "usr": "s:Sq"
              }
            ],
            "declKind": "Var",
            "usr": "s:16IONFileViewerLib12IONFLVWErrorO16errorDescriptionSSSgvp",
            "mangledName": "$s16IONFileViewerLib12IONFLVWErrorO16errorDescriptionSSSgvp",
            "moduleName": "IONFileViewerLib",
            "declAttributes": [
              "AccessControl"
            ],
            "accessors": [
              {
                "kind": "Accessor",
                "name": "Get",
                "printedName": "Get()",
                "children": [
                  {
                    "kind": "TypeNominal",
                    "name": "Optional",
                    "printedName": "Swift.String?",
                    "children": [
                      {
                        "kind": "TypeNominal",
                        "name": "String",
                        "printedName": "Swift.String",
                        "usr": "s:SS"
                      }
                    ],
                    "usr": "s:Sq"
                  }
                ],
                "declKind": "Accessor",
                "usr": "s:16IONFileViewerLib12IONFLVWErrorO16errorDescriptionSSSgvg",
                "mangledName": "$s16IONFileViewerLib12IONFLVWErrorO16errorDescriptionSSSgvg",
                "moduleName": "IONFileViewerLib",
                "accessorKind": "get"
              }
            ]
          },
          {
            "kind": "Function",
            "name": "==",
            "printedName": "==(_:_:)",
            "children": [
              {
                "kind": "TypeNominal",
                "name": "Bool",
                "printedName": "Swift.Bool",
                "usr": "s:Sb"
              },
              {
                "kind": "TypeNominal",
                "name": "IONFLVWError",
                "printedName": "IONFileViewerLib.IONFLVWError",
                "usr": "s:16IONFileViewerLib12IONFLVWErrorO"
              },
              {
                "kind": "TypeNominal",
                "name": "IONFLVWError",
                "printedName": "IONFileViewerLib.IONFLVWError",
                "usr": "s:16IONFileViewerLib12IONFLVWErrorO"
              }
            ],
            "declKind": "Func",
            "usr": "s:16IONFileViewerLib12IONFLVWErrorO2eeoiySbAC_ACtFZ",
            "mangledName": "$s16IONFileViewerLib12IONFLVWErrorO2eeoiySbAC_ACtFZ",
            "moduleName": "IONFileViewerLib",
            "static": true,
            "implicit": true,
            "funcSelfKind": "NonMutating"
          }
        ],
        "declKind": "Enum",
        "usr": "s:16IONFileViewerLib12IONFLVWErrorO",
        "mangledName": "$s16IONFileViewerLib12IONFLVWErrorO",
        "moduleName": "IONFileViewerLib",
        "declAttributes": [
          "AccessControl"
        ],
        "conformances": [
          {
            "kind": "Conformance",
            "name": "Copyable",
            "printedName": "Copyable",
            "usr": "s:s8CopyableP",
            "mangledName": "$ss8CopyableP"
          },
          {
            "kind": "Conformance",
            "name": "Escapable",
            "printedName": "Escapable",
            "usr": "s:s9EscapableP",
            "mangledName": "$ss9EscapableP"
          },
          {
            "kind": "Conformance",
            "name": "LocalizedError",
            "printedName": "LocalizedError",
            "usr": "s:10Foundation14LocalizedErrorP",
            "mangledName": "$s10Foundation14LocalizedErrorP"
          },
          {
            "kind": "Conformance",
            "name": "Equatable",
            "printedName": "Equatable",
            "usr": "s:SQ",
            "mangledName": "$sSQ"
          },
          {
            "kind": "Conformance",
            "name": "Error",
            "printedName": "Error",
            "usr": "s:s5ErrorP",
            "mangledName": "$ss5ErrorP"
          },
          {
            "kind": "Conformance",
            "name": "Sendable",
            "printedName": "Sendable",
            "usr": "s:s8SendableP",
            "mangledName": "$ss8SendableP"
          }
        ]
      },
      {
        "kind": "Import",
        "name": "Foundation",
        "printedName": "Foundation",
        "declKind": "Import",
        "moduleName": "IONFileViewerLib"
      },
      {
        "kind": "TypeDecl",
        "name": "IONFLVWOpenDocumentManager",
        "printedName": "IONFLVWOpenDocumentManager",
        "children": [
          {
            "kind": "Function",
            "name": "openDocumentFromLocalPath",
            "printedName": "openDocumentFromLocalPath(filePath:completion:)",
            "children": [
              {
                "kind": "TypeNominal",
                "name": "Void",
                "printedName": "()"
              },
              {
                "kind": "TypeNominal",
                "name": "String",
                "printedName": "Swift.String",
                "usr": "s:SS"
              },
              {
                "kind": "TypeFunc",
                "name": "Function",
                "printedName": "() -> ()",
                "children": [
                  {
                    "kind": "TypeNominal",
                    "name": "Void",
                    "printedName": "()"
                  },
                  {
                    "kind": "TypeNominal",
                    "name": "Void",
                    "printedName": "()"
                  }
                ]
              }
            ],
            "declKind": "Func",
            "usr": "s:16IONFileViewerLib26IONFLVWOpenDocumentManagerP04openE13FromLocalPath04fileJ010completionySS_yyctKF",
            "mangledName": "$s16IONFileViewerLib26IONFLVWOpenDocumentManagerP04openE13FromLocalPath04fileJ010completionySS_yyctKF",
            "moduleName": "IONFileViewerLib",
            "genericSig": "<τ_0_0 where τ_0_0 : IONFileViewerLib.IONFLVWOpenDocumentManager>",
            "sugared_genericSig": "<Self where Self : IONFileViewerLib.IONFLVWOpenDocumentManager>",
            "protocolReq": true,
            "throwing": true,
            "reqNewWitnessTableEntry": true,
            "funcSelfKind": "NonMutating"
          },
          {
            "kind": "Function",
            "name": "openDocumentFromResources",
            "printedName": "openDocumentFromResources(assetPath:completion:)",
            "children": [
              {
                "kind": "TypeNominal",
                "name": "Void",
                "printedName": "()"
              },
              {
                "kind": "TypeNominal",
                "name": "String",
                "printedName": "Swift.String",
                "usr": "s:SS"
              },
              {
                "kind": "TypeFunc",
                "name": "Function",
                "printedName": "() -> ()",
                "children": [
                  {
                    "kind": "TypeNominal",
                    "name": "Void",
                    "printedName": "()"
                  },
                  {
                    "kind": "TypeNominal",
                    "name": "Void",
                    "printedName": "()"
                  }
                ]
              }
            ],
            "declKind": "Func",
            "usr": "s:16IONFileViewerLib26IONFLVWOpenDocumentManagerP04openE13FromResources9assetPath10completionySS_yyctKF",
            "mangledName": "$s16IONFileViewerLib26IONFLVWOpenDocumentManagerP04openE13FromResources9assetPath10completionySS_yyctKF",
            "moduleName": "IONFileViewerLib",
            "genericSig": "<τ_0_0 where τ_0_0 : IONFileViewerLib.IONFLVWOpenDocumentManager>",
            "sugared_genericSig": "<Self where Self : IONFileViewerLib.IONFLVWOpenDocumentManager>",
            "protocolReq": true,
            "throwing": true,
            "reqNewWitnessTableEntry": true,
            "funcSelfKind": "NonMutating"
          },
          {
            "kind": "Function",
            "name": "openDocumentFromUrl",
            "printedName": "openDocumentFromUrl(url:completion:)",
            "children": [
              {
                "kind": "TypeNominal",
                "name": "Void",
                "printedName": "()"
              },
              {
                "kind": "TypeNominal",
                "name": "String",
                "printedName": "Swift.String",
                "usr": "s:SS"
              },
              {
                "kind": "TypeFunc",
                "name": "Function",
                "printedName": "(IONFileViewerLib.IONFLVWError?) -> ()",
                "children": [
                  {
                    "kind": "TypeNominal",
                    "name": "Void",
                    "printedName": "()"
                  },
                  {
                    "kind": "TypeNominal",
                    "name": "Optional",
                    "printedName": "IONFileViewerLib.IONFLVWError?",
                    "children": [
                      {
                        "kind": "TypeNominal",
                        "name": "IONFLVWError",
                        "printedName": "IONFileViewerLib.IONFLVWError",
                        "usr": "s:16IONFileViewerLib12IONFLVWErrorO"
                      }
                    ],
                    "usr": "s:Sq"
                  }
                ]
              }
            ],
            "declKind": "Func",
            "usr": "s:16IONFileViewerLib26IONFLVWOpenDocumentManagerP04openE7FromUrl3url10completionySS_yAA12IONFLVWErrorOSgctKF",
            "mangledName": "$s16IONFileViewerLib26IONFLVWOpenDocumentManagerP04openE7FromUrl3url10completionySS_yAA12IONFLVWErrorOSgctKF",
            "moduleName": "IONFileViewerLib",
            "genericSig": "<τ_0_0 where τ_0_0 : IONFileViewerLib.IONFLVWOpenDocumentManager>",
            "sugared_genericSig": "<Self where Self : IONFileViewerLib.IONFLVWOpenDocumentManager>",
            "protocolReq": true,
            "throwing": true,
            "reqNewWitnessTableEntry": true,
            "funcSelfKind": "NonMutating"
          }
        ],
        "declKind": "Protocol",
        "usr": "s:16IONFileViewerLib26IONFLVWOpenDocumentManagerP",
        "mangledName": "$s16IONFileViewerLib26IONFLVWOpenDocumentManagerP",
        "moduleName": "IONFileViewerLib",
        "declAttributes": [
          "AccessControl"
        ],
        "conformances": [
          {
            "kind": "Conformance",
            "name": "Escapable",
            "printedName": "Escapable",
            "usr": "s:s9EscapableP",
            "mangledName": "$ss9EscapableP"
          },
          {
            "kind": "Conformance",
            "name": "Copyable",
            "printedName": "Copyable",
            "usr": "s:s8CopyableP",
            "mangledName": "$ss8CopyableP"
          }
        ]
      },
      {
        "kind": "TypeDecl",
        "name": "IONFLVWPreviewMediaManager",
        "printedName": "IONFLVWPreviewMediaManager",
        "children": [
          {
            "kind": "Function",
            "name": "previewMediaContentFromLocalPath",
            "printedName": "previewMediaContentFromLocalPath(filePath:)",
            "children": [
              {
                "kind": "TypeNominal",
                "name": "Void",
                "printedName": "()"
              },
              {
                "kind": "TypeNominal",
                "name": "String",
                "printedName": "Swift.String",
                "usr": "s:SS"
              }
            ],
            "declKind": "Func",
            "usr": "s:16IONFileViewerLib26IONFLVWPreviewMediaManagerP07previewE20ContentFromLocalPath04fileK0ySS_tKF",
            "mangledName": "$s16IONFileViewerLib26IONFLVWPreviewMediaManagerP07previewE20ContentFromLocalPath04fileK0ySS_tKF",
            "moduleName": "IONFileViewerLib",
            "genericSig": "<τ_0_0 where τ_0_0 : IONFileViewerLib.IONFLVWPreviewMediaManager>",
            "sugared_genericSig": "<Self where Self : IONFileViewerLib.IONFLVWPreviewMediaManager>",
            "protocolReq": true,
            "throwing": true,
            "reqNewWitnessTableEntry": true,
            "funcSelfKind": "NonMutating"
          },
          {
            "kind": "Function",
            "name": "previewMediaContentFromResources",
            "printedName": "previewMediaContentFromResources(assetPath:)",
            "children": [
              {
                "kind": "TypeNominal",
                "name": "Void",
                "printedName": "()"
              },
              {
                "kind": "TypeNominal",
                "name": "String",
                "printedName": "Swift.String",
                "usr": "s:SS"
              }
            ],
            "declKind": "Func",
            "usr": "s:16IONFileViewerLib26IONFLVWPreviewMediaManagerP07previewE20ContentFromResources9assetPathySS_tKF",
            "mangledName": "$s16IONFileViewerLib26IONFLVWPreviewMediaManagerP07previewE20ContentFromResources9assetPathySS_tKF",
            "moduleName": "IONFileViewerLib",
            "genericSig": "<τ_0_0 where τ_0_0 : IONFileViewerLib.IONFLVWPreviewMediaManager>",
            "sugared_genericSig": "<Self where Self : IONFileViewerLib.IONFLVWPreviewMediaManager>",
            "protocolReq": true,
            "throwing": true,
            "reqNewWitnessTableEntry": true,
            "funcSelfKind": "NonMutating"
          },
          {
            "kind": "Function",
            "name": "previewMediaContentFromUrl",
            "printedName": "previewMediaContentFromUrl(url:)",
            "children": [
              {
                "kind": "TypeNominal",
                "name": "Void",
                "printedName": "()"
              },
              {
                "kind": "TypeNominal",
                "name": "String",
                "printedName": "Swift.String",
                "usr": "s:SS"
              }
            ],
            "declKind": "Func",
            "usr": "s:16IONFileViewerLib26IONFLVWPreviewMediaManagerP07previewE14ContentFromUrl3urlySS_tKF",
            "mangledName": "$s16IONFileViewerLib26IONFLVWPreviewMediaManagerP07previewE14ContentFromUrl3urlySS_tKF",
            "moduleName": "IONFileViewerLib",
            "genericSig": "<τ_0_0 where τ_0_0 : IONFileViewerLib.IONFLVWPreviewMediaManager>",
            "sugared_genericSig": "<Self where Self : IONFileViewerLib.IONFLVWPreviewMediaManager>",
            "protocolReq": true,
            "throwing": true,
            "reqNewWitnessTableEntry": true,
            "funcSelfKind": "NonMutating"
          }
        ],
        "declKind": "Protocol",
        "usr": "s:16IONFileViewerLib26IONFLVWPreviewMediaManagerP",
        "mangledName": "$s16IONFileViewerLib26IONFLVWPreviewMediaManagerP",
        "moduleName": "IONFileViewerLib",
        "declAttributes": [
          "AccessControl"
        ],
        "conformances": [
          {
            "kind": "Conformance",
            "name": "Escapable",
            "printedName": "Escapable",
            "usr": "s:s9EscapableP",
            "mangledName": "$ss9EscapableP"
          },
          {
            "kind": "Conformance",
            "name": "Copyable",
            "printedName": "Copyable",
            "usr": "s:s8CopyableP",
            "mangledName": "$ss8CopyableP"
          }
        ]
      },
      {
        "kind": "Import",
        "name": "Foundation",
        "printedName": "Foundation",
        "declKind": "Import",
        "moduleName": "IONFileViewerLib"
      },
      {
        "kind": "Import",
        "name": "QuickLook",
        "printedName": "QuickLook",
        "declKind": "Import",
        "moduleName": "IONFileViewerLib"
      },
      {
        "kind": "Import",
        "name": "AVKit",
        "printedName": "AVKit",
        "declKind": "Import",
        "moduleName": "IONFileViewerLib"
      },
      {
        "kind": "Import",
        "name": "Foundation",
        "printedName": "Foundation",
        "declKind": "Import",
        "moduleName": "IONFileViewerLib"
      }
    ],
    "json_format_version": 8
  },
  "ConstValues": []
}