{
  "ABIRoot": {
    "kind": "Root",
    "name": "TopLevel",
    "printedName": "TopLevel",
    "children": [
      {
        "kind": "Import",
        "name": "UIKit",
        "printedName": "UIKit",
        "declKind": "Import",
        "moduleName": "IONFileViewerLib"
      },
      {
        "kind": "Import",
        "name": "Foundation",
        "printedName": "Foundation",
        "declKind": "Import",
        "moduleName": "IONFileViewerLib"
      },
      {
        "kind": "Import",
        "name": "Foundation",
        "printedName": "Foundation",
        "declKind": "Import",
        "moduleName": "IONFileViewerLib"
      },
      {
        "kind": "Import",
        "name": "UIKit",
        "printedName": "UIKit",
        "declKind": "Import",
        "moduleName": "IONFileViewerLib"
      },
      {
        "kind": "TypeDecl",
        "name": "IONFLVWManager",
        "printedName": "IONFLVWManager",
        "children": [
          {
            "kind": "Constructor",
            "name": "init",
            "printedName": "init(viewController:fileManager:)",
            "children": [
              {
                "kind": "TypeNominal",
                "name": "IONFLVWManager",
                "printedName": "IONFileViewerLib.IONFLVWManager",
                "usr": "s:16IONFileViewerLib14IONFLVWManagerC"
              },
              {
                "kind": "TypeNominal",
                "name": "UIViewController",
                "printedName": "UIKit.UIViewController",
                "usr": "c:objc(cs)UIViewController"
              },
              {
                "kind": "TypeNominal",
                "name": "FileManager",
                "printedName": "Foundation.FileManager",
                "hasDefaultArg": true,
                "usr": "c:objc(cs)NSFileManager"
              }
            ],
            "declKind": "Constructor",
            "usr": "s:16IONFileViewerLib14IONFLVWManagerC14viewController11fileManagerACSo06UIViewF0C_So06NSFileH0Ctcfc",
            "mangledName": "$s16IONFileViewerLib14IONFLVWManagerC14viewController11fileManagerACSo06UIViewF0C_So06NSFileH0Ctcfc",
            "moduleName": "IONFileViewerLib",
            "declAttributes": [
              "AccessControl"
            ],
            "init_kind": "Designated"
          },
          {
            "kind": "Function",
            "name": "openDocumentFromLocalPath",
            "printedName": "openDocumentFromLocalPath(filePath:completion:)",
            "children": [
              {
                "kind": "TypeNominal",
                "name": "Void",
                "printedName": "()"
              },
              {
                "kind": "TypeNominal",
                "name": "String",
                "printedName": "Swift.String",
                "usr": "s:SS"
              },
              {
                "kind": "TypeFunc",
                "name": "Function",
                "printedName": "() -> ()",
                "children": [
                  {
                    "kind": "TypeNominal",
                    "name": "Void",
                    "printedName": "()"
                  },
                  {
                    "kind": "TypeNominal",
                    "name": "Void",
                    "printedName": "()"
                  }
                ]
              }
            ],
            "declKind": "Func",
            "usr": "s:16IONFileViewerLib14IONFLVWManagerC25openDocumentFromLocalPath04fileI010completionySS_yyctKF",
            "mangledName": "$s16IONFileViewerLib14IONFLVWManagerC25openDocumentFromLocalPath04fileI010completionySS_yyctKF",
            "moduleName": "IONFileViewerLib",
            "declAttributes": [
              "AccessControl"
            ],
            "isFromExtension": true,
            "throwing": true,
            "funcSelfKind": "NonMutating"
          },
          {
            "kind": "Function",
            "name": "openDocumentFromResources",
            "printedName": "openDocumentFromResources(assetPath:completion:)",
            "children": [
              {
                "kind": "TypeNominal",
                "name": "Void",
                "printedName": "()"
              },
              {
                "kind": "TypeNominal",
                "name": "String",
                "printedName": "Swift.String",
                "usr": "s:SS"
              },
              {
                "kind": "TypeFunc",
                "name": "Function",
                "printedName": "() -> ()",
                "children": [
                  {
                    "kind": "TypeNominal",
                    "name": "Void",
                    "printedName": "()"
                  },
                  {
                    "kind": "TypeNominal",
                    "name": "Void",
                    "printedName": "()"
                  }
                ]
              }
            ],
            "declKind": "Func",
            "usr": "s:16IONFileViewerLib14IONFLVWManagerC25openDocumentFromResources9assetPath10completionySS_yyctKF",
            "mangledName": "$s16IONFileViewerLib14IONFLVWManagerC25openDocumentFromResources9assetPath10completionySS_yyctKF",
            "moduleName": "IONFileViewerLib",
            "declAttributes": [
              "AccessControl"
            ],
            "isFromExtension": true,
            "throwing": true,
            "funcSelfKind": "NonMutating"
          },
          {
            "kind": "Function",
            "name": "openDocumentFromUrl",
            "printedName": "openDocumentFromUrl(url:completion:)",
            "children": [
              {
                "kind": "TypeNominal",
                "name": "Void",
                "printedName": "()"
              },
              {
                "kind": "TypeNominal",
                "name": "String",
                "printedName": "Swift.String",
                "usr": "s:SS"
              },
              {
                "kind": "TypeFunc",
                "name": "Function",
                "printedName": "(IONFileViewerLib.IONFLVWError?) -> ()",
                "children": [
                  {
                    "kind": "TypeNominal",
                    "name": "Void",
                    "printedName": "()"
                  },
                  {
                    "kind": "TypeNominal",
                    "name": "Optional",
                    "printedName": "IONFileViewerLib.IONFLVWError?",
                    "children": [
                      {
                        "kind": "TypeNominal",
                        "name": "IONFLVWError",
                        "printedName": "IONFileViewerLib.IONFLVWError",
                        "usr": "s:16IONFileViewerLib12IONFLVWErrorO"
                      }
                    ],
                    "usr": "s:Sq"
                  }
                ]
              }
            ],
            "declKind": "Func",
            "usr": "s:16IONFileViewerLib14IONFLVWManagerC19openDocumentFromUrl3url10completionySS_yAA12IONFLVWErrorOSgctKF",
            "mangledName": "$s16IONFileViewerLib14IONFLVWManagerC19openDocumentFromUrl3url10completionySS_yAA12IONFLVWErrorOSgctKF",
            "moduleName": "IONFileViewerLib",
            "declAttributes": [
              "AccessControl"
            ],
            "isFromExtension": true,
            "throwing": true,
            "funcSelfKind": "NonMutating"
          },
          {
            "kind": "Function",
            "name": "previewMediaContentFromLocalPath",
            "printedName": "previewMediaContentFromLocalPath(filePath:)",
            "children": [
              {
                "kind": "TypeNominal",
                "name": "Void",
                "printedName": "()"
              },
              {
                "kind": "TypeNominal",
                "name": "String",
                "printedName": "Swift.String",
                "usr": "s:SS"
              }
            ],
            "declKind": "Func",
            "usr": "s:16IONFileViewerLib14IONFLVWManagerC32previewMediaContentFromLocalPath04fileJ0ySS_tKF",
            "mangledName": "$s16IONFileViewerLib14IONFLVWManagerC32previewMediaContentFromLocalPath04fileJ0ySS_tKF",
            "moduleName": "IONFileViewerLib",
            "declAttributes": [
              "AccessControl"
            ],
            "isFromExtension": true,
            "throwing": true,
            "funcSelfKind": "NonMutating"
          },
          {
            "kind": "Function",
            "name": "previewMediaContentFromResources",
            "printedName": "previewMediaContentFromResources(assetPath:)",
            "children": [
              {
                "kind": "TypeNominal",
                "name": "Void",
                "printedName": "()"
              },
              {
                "kind": "TypeNominal",
                "name": "String",
                "printedName": "Swift.String",
                "usr": "s:SS"
              }
            ],
            "declKind": "Func",
            "usr": "s:16IONFileViewerLib14IONFLVWManagerC32previewMediaContentFromResources9assetPathySS_tKF",
            "mangledName": "$s16IONFileViewerLib14IONFLVWManagerC32previewMediaContentFromResources9assetPathySS_tKF",
            "moduleName": "IONFileViewerLib",
            "declAttributes": [
              "AccessControl"
            ],
            "isFromExtension": true,
            "throwing": true,
            "funcSelfKind": "NonMutating"
          },
          {
            "kind": "Function",
            "name": "previewMediaContentFromUrl",
            "printedName": "previewMediaContentFromUrl(url:)",
            "children": [
              {
                "kind": "TypeNominal",
                "name": "Void",
                "printedName": "()"
              },
              {
                "kind": "TypeNominal",
                "name": "String",
                "printedName": "Swift.String",
                "usr": "s:SS"
              }
            ],
            "declKind": "Func",
            "usr": "s:16IONFileViewerLib14IONFLVWManagerC26previewMediaContentFromUrl3urlySS_tKF",
            "mangledName": "$s16IONFileViewerLib14IONFLVWManagerC26previewMediaContentFromUrl3urlySS_tKF",
            "moduleName": "IONFileViewerLib",
            "declAttributes": [
              "AccessControl"
            ],
            "isFromExtension": true,
            "throwing": true,
            "funcSelfKind": "NonMutating"
          }
        ],
        "declKind": "Class",
        "usr": "s:16IONFileViewerLib14IONFLVWManagerC",
        "mangledName": "$s16IONFileViewerLib14IONFLVWManagerC",
        "moduleName": "IONFileViewerLib",
        "declAttributes": [
          "AccessControl"
        ],
        "conformances": [
          {
            "kind": "Conformance",
            "name": "IONFLVWOpenDocumentManager",
            "printedName": "IONFLVWOpenDocumentManager",
            "usr": "s:16IONFileViewerLib26IONFLVWOpenDocumentManagerP",
            "mangledName": "$s16IONFileViewerLib26IONFLVWOpenDocumentManagerP"
          },
          {
            "kind": "Conformance",
            "name": "IONFLVWPreviewMediaManager",
            "printedName": "IONFLVWPreviewMediaManager",
            "usr": "s:16IONFileViewerLib26IONFLVWPreviewMediaManagerP",
            "mangledName": "$s16IONFileViewerLib26IONFLVWPreviewMediaManagerP"
          }
        ]
      },
      {
        "kind": "Import",
        "name": "Foundation",
        "printedName": "Foundation",
        "declKind": "Import",
        "moduleName": "IONFileViewerLib"
      },
      {
        "kind": "TypeDecl",
        "name": "IONFLVWError",
        "printedName": "IONFLVWError",
        "children": [
          {
            "kind": "Var",
            "name": "fileDoesNotExist",
            "printedName": "fileDoesNotExist",
            "children": [
              {
                "kind": "TypeFunc",
                "name": "Function",
                "printedName": "(IONFileViewerLib.IONFLVWError.Type) -> (Swift.String) -> IONFileViewerLib.IONFLVWError",
                "children": [
                  {
                    "kind": "TypeFunc",
                    "name": "Function",
                    "printedName": "(Swift.String) -> IONFileViewerLib.IONFLVWError",
                    "children": [
                      {
                        "kind": "TypeNominal",
                        "name": "IONFLVWError",
                        "printedName": "IONFileViewerLib.IONFLVWError",
                        "usr": "s:16IONFileViewerLib12IONFLVWErrorO"
                      },
                      {
                        "kind": "TypeNominal",
                        "name": "Tuple",
                        "printedName": "(atPath: Swift.String)",
                        "children": [
                          {
                            "kind": "TypeNominal",
                            "name": "String",
                            "printedName": "Swift.String",
                            "usr": "s:SS"
                          }
                        ]
                      }
                    ]
                  },
                  {
                    "kind": "TypeNominal",
                    "name": "Metatype",
                    "printedName": "IONFileViewerLib.IONFLVWError.Type",
                    "children": [
                      {
                        "kind": "TypeNominal",
                        "name": "IONFLVWError",
                        "printedName": "IONFileViewerLib.IONFLVWError",
                        "usr": "s:16IONFileViewerLib12IONFLVWErrorO"
                      }
                    ]
                  }
                ]
              }
            ],
            "declKind": "EnumElement",
            "usr": "s:16IONFileViewerLib12IONFLVWErrorO16fileDoesNotExistyACSS_tcACmF",
            "mangledName": "$s16IONFileViewerLib12IONFLVWErrorO16fileDoesNotExistyACSS_tcACmF",
            "moduleName": "IONFileViewerLib"
          },
          {
            "kind": "Var",
            "name": "emptyFilePath",
            "printedName": "emptyFilePath",
            "children": [
              {
                "kind": "TypeFunc",
                "name": "Function",
                "printedName": "(IONFileViewerLib.IONFLVWError.Type) -> IONFileViewerLib.IONFLVWError",
                "children": [
                  {
                    "kind": "TypeNominal",
                    "name": "IONFLVWError",
                    "printedName": "IONFileViewerLib.IONFLVWError",
                    "usr": "s:16IONFileViewerLib12IONFLVWErrorO"
                  },
                  {
                    "kind": "TypeNominal",
                    "name": "Metatype",
                    "printedName": "IONFileViewerLib.IONFLVWError.Type",
                    "children": [
                      {
                        "kind": "TypeNominal",
                        "name": "IONFLVWError",
                        "printedName": "IONFileViewerLib.IONFLVWError",
                        "usr": "s:16IONFileViewerLib12IONFLVWErrorO"
                      }
                    ]
                  }
                ]
              }
            ],
            "declKind": "EnumElement",
            "usr": "s:16IONFileViewerLib12IONFLVWErrorO13emptyFilePathyA2CmF",
            "mangledName": "$s16IONFileViewerLib12IONFLVWErrorO13emptyFilePathyA2CmF",
            "moduleName": "IONFileViewerLib"
          },
          {
            "kind": "Var",
            "name": "couldNotOpenDocument",
            "printedName": "couldNotOpenDocument",
            "children": [
              {
                "kind": "TypeFunc",
                "name": "Function",
                "printedName": "(IONFileViewerLib.IONFLVWError.Type) -> IONFileViewerLib.IONFLVWError",
                "children": [
                  {
                    "kind": "TypeNominal",
                    "name": "IONFLVWError",
                    "printedName": "IONFileViewerLib.IONFLVWError",
                    "usr": "s:16IONFileViewerLib12IONFLVWErrorO"
                  },
                  {
                    "kind": "TypeNominal",
                    "name": "Metatype",
                    "printedName": "IONFileViewerLib.IONFLVWError.Type",
                    "children": [
                      {
                        "kind": "TypeNominal",
                        "name": "IONFLVWError",
                        "printedName": "IONFileViewerLib.IONFLVWError",
                        "usr": "s:16IONFileViewerLib12IONFLVWErrorO"
                      }
                    ]
                  }
                ]
              }
            ],
            "declKind": "EnumElement",
            "usr": "s:16IONFileViewerLib12IONFLVWErrorO20couldNotOpenDocumentyA2CmF",
            "mangledName": "$s16IONFileViewerLib12IONFLVWErrorO20couldNotOpenDocumentyA2CmF",
            "moduleName": "IONFileViewerLib"
          },
          {
            "kind": "Var",
            "name": "invalidURL",
            "printedName": "invalidURL",
            "children": [
              {
                "kind": "TypeFunc",
                "name": "Function",
                "printedName": "(IONFileViewerLib.IONFLVWError.Type) -> (Swift.String) -> IONFileViewerLib.IONFLVWError",
                "children": [
                  {
                    "kind": "TypeFunc",
                    "name": "Function",
                    "printedName": "(Swift.String) -> IONFileViewerLib.IONFLVWError",
                    "children": [
                      {
                        "kind": "TypeNominal",
                        "name": "IONFLVWError",
                        "printedName": "IONFileViewerLib.IONFLVWError",
                        "usr": "s:16IONFileViewerLib12IONFLVWErrorO"
                      },
                      {
                        "kind": "TypeNominal",
                        "name": "Tuple",
                        "printedName": "(forUrl: Swift.String)",
                        "children": [
                          {
                            "kind": "TypeNominal",
                            "name": "String",
                            "printedName": "Swift.String",
                            "usr": "s:SS"
                          }
                        ]
                      }
                    ]
                  },
                  {
                    "kind": "TypeNominal",
                    "name": "Metatype",
                    "printedName": "IONFileViewerLib.IONFLVWError.Type",
                    "children": [
                      {
                        "kind": "TypeNominal",
                        "name": "IONFLVWError",
                        "printedName": "IONFileViewerLib.IONFLVWError",
                        "usr": "s:16IONFileViewerLib12IONFLVWErrorO"
                      }
                    ]
                  }
                ]
              }
            ],
            "declKind": "EnumElement",
            "usr": "s:16IONFileViewerLib12IONFLVWErrorO10invalidURLyACSS_tcACmF",
            "mangledName": "$s16IONFileViewerLib12IONFLVWErrorO10invalidURLyACSS_tcACmF",
            "moduleName": "IONFileViewerLib"
          },
          {
            "kind": "Var",
            "name": "invalidEmptyURL",
            "printedName": "invalidEmptyURL",
            "children": [
              {
                "kind": "TypeFunc",
                "name": "Function",
                "printedName": "(IONFileViewerLib.IONFLVWError.Type) -> IONFileViewerLib.IONFLVWError",
                "children": [
                  {
                    "kind": "TypeNominal",
                    "name": "IONFLVWError",
                    "printedName": "IONFileViewerLib.IONFLVWError",
                    "usr": "s:16IONFileViewerLib12IONFLVWErrorO"
                  },
                  {
                    "kind": "TypeNominal",
                    "name": "Metatype",
                    "printedName": "IONFileViewerLib.IONFLVWError.Type",
                    "children": [
                      {
                        "kind": "TypeNominal",
                        "name": "IONFLVWError",
                        "printedName": "IONFileViewerLib.IONFLVWError",
                        "usr": "s:16IONFileViewerLib12IONFLVWErrorO"
                      }
                    ]
                  }
                ]
              }
            ],
            "declKind": "EnumElement",
            "usr": "s:16IONFileViewerLib12IONFLVWErrorO15invalidEmptyURLyA2CmF",
            "mangledName": "$s16IONFileViewerLib12IONFLVWErrorO15invalidEmptyURLyA2CmF",
            "moduleName": "IONFileViewerLib"
          },
          {
            "kind": "Var",
            "name": "downloadFailed",
            "printedName": "downloadFailed",
            "children": [
              {
                "kind": "TypeFunc",
                "name": "Function",
                "printedName": "(IONFileViewerLib.IONFLVWError.Type) -> IONFileViewerLib.IONFLVWError",
                "children": [
                  {
                    "kind": "TypeNominal",
                    "name": "IONFLVWError",
                    "printedName": "IONFileViewerLib.IONFLVWError",
                    "usr": "s:16IONFileViewerLib12IONFLVWErrorO"
                  },
                  {
                    "kind": "TypeNominal",
                    "name": "Metatype",
                    "printedName": "IONFileViewerLib.IONFLVWError.Type",
                    "children": [
                      {
                        "kind": "TypeNominal",
                        "name": "IONFLVWError",
                        "printedName": "IONFileViewerLib.IONFLVWError",
                        "usr": "s:16IONFileViewerLib12IONFLVWErrorO"
                      }
                    ]
                  }
                ]
              }
            ],
            "declKind": "EnumElement",
            "usr": "s:16IONFileViewerLib12IONFLVWErrorO14downloadFailedyA2CmF",
            "mangledName": "$s16IONFileViewerLib12IONFLVWErrorO14downloadFailedyA2CmF",
            "moduleName": "IONFileViewerLib"
          },
          {
            "kind": "Var",
            "name": "missingFileExtension",
            "printedName": "missingFileExtension",
            "children": [
              {
                "kind": "TypeFunc",
                "name": "Function",
                "printedName": "(IONFileViewerLib.IONFLVWError.Type) -> IONFileViewerLib.IONFLVWError",
                "children": [
                  {
                    "kind": "TypeNominal",
                    "name": "IONFLVWError",
                    "printedName": "IONFileViewerLib.IONFLVWError",
                    "usr": "s:16IONFileViewerLib12IONFLVWErrorO"
                  },
                  {
                    "kind": "TypeNominal",
                    "name": "Metatype",
                    "printedName": "IONFileViewerLib.IONFLVWError.Type",
                    "children": [
                      {
                        "kind": "TypeNominal",
                        "name": "IONFLVWError",
                        "printedName": "IONFileViewerLib.IONFLVWError",
                        "usr": "s:16IONFileViewerLib12IONFLVWErrorO"
                      }
                    ]
                  }
                ]
              }
            ],
            "declKind": "EnumElement",
            "usr": "s:16IONFileViewerLib12IONFLVWErrorO20missingFileExtensionyA2CmF",
            "mangledName": "$s16IONFileViewerLib12IONFLVWErrorO20missingFileExtensionyA2CmF",
            "moduleName": "IONFileViewerLib"
          },
          {
            "kind": "Var",
            "name": "errorDescription",
            "printedName": "errorDescription",
            "children": [
              {
                "kind": "TypeNominal",
                "name": "Optional",
                "printedName": "Swift.String?",
                "children": [
                  {
                    "kind": "TypeNominal",
                    "name": "String",
                    "printedName": "Swift.String",
                    "usr": "s:SS"
                  }
                ],
                "usr": "s:Sq"
              }
            ],
            "declKind": "Var",
            "usr": "s:16IONFileViewerLib12IONFLVWErrorO16errorDescriptionSSSgvp",
            "mangledName": "$s16IONFileViewerLib12IONFLVWErrorO16errorDescriptionSSSgvp",
            "moduleName": "IONFileViewerLib",
            "declAttributes": [
              "AccessControl"
            ],
            "accessors": [
              {
                "kind": "Accessor",
                "name": "Get",
                "printedName": "Get()",
                "children": [
                  {
                    "kind": "TypeNominal",
                    "name": "Optional",
                    "printedName": "Swift.String?",
                    "children": [
                      {
                        "kind": "TypeNominal",
                        "name": "String",
                        "printedName": "Swift.String",
                        "usr": "s:SS"
                      }
                    ],
                    "usr": "s:Sq"
                  }
                ],
                "declKind": "Accessor",
                "usr": "s:16IONFileViewerLib12IONFLVWErrorO16errorDescriptionSSSgvg",
                "mangledName": "$s16IONFileViewerLib12IONFLVWErrorO16errorDescriptionSSSgvg",
                "moduleName": "IONFileViewerLib",
                "accessorKind": "get"
              }
            ]
          },
          {
            "kind": "Function",
            "name": "==",
            "printedName": "==(_:_:)",
            "children": [
              {
                "kind": "TypeNominal",
                "name": "Bool",
                "printedName": "Swift.Bool",
                "usr": "s:Sb"
              },
              {
                "kind": "TypeNominal",
                "name": "IONFLVWError",
                "printedName": "IONFileViewerLib.IONFLVWError",
                "usr": "s:16IONFileViewerLib12IONFLVWErrorO"
              },
              {
                "kind": "TypeNominal",
                "name": "IONFLVWError",
                "printedName": "IONFileViewerLib.IONFLVWError",
                "usr": "s:16IONFileViewerLib12IONFLVWErrorO"
              }
            ],
            "declKind": "Func",
            "usr": "s:16IONFileViewerLib12IONFLVWErrorO2eeoiySbAC_ACtFZ",
            "mangledName": "$s16IONFileViewerLib12IONFLVWErrorO2eeoiySbAC_ACtFZ",
            "moduleName": "IONFileViewerLib",
            "static": true,
            "implicit": true,
            "funcSelfKind": "NonMutating"
          }
        ],
        "declKind": "Enum",
        "usr": "s:16IONFileViewerLib12IONFLVWErrorO",
        "mangledName": "$s16IONFileViewerLib12IONFLVWErrorO",
        "moduleName": "IONFileViewerLib",
        "declAttributes": [
          "AccessControl"
        ],
        "conformances": [
          {
            "kind": "Conformance",
            "name": "LocalizedError",
            "printedName": "LocalizedError",
            "usr": "s:10Foundation14LocalizedErrorP",
            "mangledName": "$s10Foundation14LocalizedErrorP"
          },
          {
            "kind": "Conformance",
            "name": "Equatable",
            "printedName": "Equatable",
            "usr": "s:SQ",
            "mangledName": "$sSQ"
          },
          {
            "kind": "Conformance",
            "name": "Error",
            "printedName": "Error",
            "usr": "s:s5ErrorP",
            "mangledName": "$ss5ErrorP"
          },
          {
            "kind": "Conformance",
            "name": "Sendable",
            "printedName": "Sendable",
            "usr": "s:s8SendableP",
            "mangledName": "$ss8SendableP"
          }
        ]
      },
      {
        "kind": "Import",
        "name": "Foundation",
        "printedName": "Foundation",
        "declKind": "Import",
        "moduleName": "IONFileViewerLib"
      },
      {
        "kind": "TypeDecl",
        "name": "IONFLVWOpenDocumentManager",
        "printedName": "IONFLVWOpenDocumentManager",
        "children": [
          {
            "kind": "Function",
            "name": "openDocumentFromLocalPath",
            "printedName": "openDocumentFromLocalPath(filePath:completion:)",
            "children": [
              {
                "kind": "TypeNominal",
                "name": "Void",
                "printedName": "()"
              },
              {
                "kind": "TypeNominal",
                "name": "String",
                "printedName": "Swift.String",
                "usr": "s:SS"
              },
              {
                "kind": "TypeFunc",
                "name": "Function",
                "printedName": "() -> ()",
                "children": [
                  {
                    "kind": "TypeNominal",
                    "name": "Void",
                    "printedName": "()"
                  },
                  {
                    "kind": "TypeNominal",
                    "name": "Void",
                    "printedName": "()"
                  }
                ]
              }
            ],
            "declKind": "Func",
            "usr": "s:16IONFileViewerLib26IONFLVWOpenDocumentManagerP04openE13FromLocalPath04fileJ010completionySS_yyctKF",
            "mangledName": "$s16IONFileViewerLib26IONFLVWOpenDocumentManagerP04openE13FromLocalPath04fileJ010completionySS_yyctKF",
            "moduleName": "IONFileViewerLib",
            "genericSig": "<τ_0_0 where τ_0_0 : IONFileViewerLib.IONFLVWOpenDocumentManager>",
            "sugared_genericSig": "<Self where Self : IONFileViewerLib.IONFLVWOpenDocumentManager>",
            "protocolReq": true,
            "throwing": true,
            "reqNewWitnessTableEntry": true,
            "funcSelfKind": "NonMutating"
          },
          {
            "kind": "Function",
            "name": "openDocumentFromResources",
            "printedName": "openDocumentFromResources(assetPath:completion:)",
            "children": [
              {
                "kind": "TypeNominal",
                "name": "Void",
                "printedName": "()"
              },
              {
                "kind": "TypeNominal",
                "name": "String",
                "printedName": "Swift.String",
                "usr": "s:SS"
              },
              {
                "kind": "TypeFunc",
                "name": "Function",
                "printedName": "() -> ()",
                "children": [
                  {
                    "kind": "TypeNominal",
                    "name": "Void",
                    "printedName": "()"
                  },
                  {
                    "kind": "TypeNominal",
                    "name": "Void",
                    "printedName": "()"
                  }
                ]
              }
            ],
            "declKind": "Func",
            "usr": "s:16IONFileViewerLib26IONFLVWOpenDocumentManagerP04openE13FromResources9assetPath10completionySS_yyctKF",
            "mangledName": "$s16IONFileViewerLib26IONFLVWOpenDocumentManagerP04openE13FromResources9assetPath10completionySS_yyctKF",
            "moduleName": "IONFileViewerLib",
            "genericSig": "<τ_0_0 where τ_0_0 : IONFileViewerLib.IONFLVWOpenDocumentManager>",
            "sugared_genericSig": "<Self where Self : IONFileViewerLib.IONFLVWOpenDocumentManager>",
            "protocolReq": true,
            "throwing": true,
            "reqNewWitnessTableEntry": true,
            "funcSelfKind": "NonMutating"
          },
          {
            "kind": "Function",
            "name": "openDocumentFromUrl",
            "printedName": "openDocumentFromUrl(url:completion:)",
            "children": [
              {
                "kind": "TypeNominal",
                "name": "Void",
                "printedName": "()"
              },
              {
                "kind": "TypeNominal",
                "name": "String",
                "printedName": "Swift.String",
                "usr": "s:SS"
              },
              {
                "kind": "TypeFunc",
                "name": "Function",
                "printedName": "(IONFileViewerLib.IONFLVWError?) -> ()",
                "children": [
                  {
                    "kind": "TypeNominal",
                    "name": "Void",
                    "printedName": "()"
                  },
                  {
                    "kind": "TypeNominal",
                    "name": "Optional",
                    "printedName": "IONFileViewerLib.IONFLVWError?",
                    "children": [
                      {
                        "kind": "TypeNominal",
                        "name": "IONFLVWError",
                        "printedName": "IONFileViewerLib.IONFLVWError",
                        "usr": "s:16IONFileViewerLib12IONFLVWErrorO"
                      }
                    ],
                    "usr": "s:Sq"
                  }
                ]
              }
            ],
            "declKind": "Func",
            "usr": "s:16IONFileViewerLib26IONFLVWOpenDocumentManagerP04openE7FromUrl3url10completionySS_yAA12IONFLVWErrorOSgctKF",
            "mangledName": "$s16IONFileViewerLib26IONFLVWOpenDocumentManagerP04openE7FromUrl3url10completionySS_yAA12IONFLVWErrorOSgctKF",
            "moduleName": "IONFileViewerLib",
            "genericSig": "<τ_0_0 where τ_0_0 : IONFileViewerLib.IONFLVWOpenDocumentManager>",
            "sugared_genericSig": "<Self where Self : IONFileViewerLib.IONFLVWOpenDocumentManager>",
            "protocolReq": true,
            "throwing": true,
            "reqNewWitnessTableEntry": true,
            "funcSelfKind": "NonMutating"
          }
        ],
        "declKind": "Protocol",
        "usr": "s:16IONFileViewerLib26IONFLVWOpenDocumentManagerP",
        "mangledName": "$s16IONFileViewerLib26IONFLVWOpenDocumentManagerP",
        "moduleName": "IONFileViewerLib",
        "declAttributes": [
          "AccessControl"
        ]
      },
      {
        "kind": "TypeDecl",
        "name": "IONFLVWPreviewMediaManager",
        "printedName": "IONFLVWPreviewMediaManager",
        "children": [
          {
            "kind": "Function",
            "name": "previewMediaContentFromLocalPath",
            "printedName": "previewMediaContentFromLocalPath(filePath:)",
            "children": [
              {
                "kind": "TypeNominal",
                "name": "Void",
                "printedName": "()"
              },
              {
                "kind": "TypeNominal",
                "name": "String",
                "printedName": "Swift.String",
                "usr": "s:SS"
              }
            ],
            "declKind": "Func",
            "usr": "s:16IONFileViewerLib26IONFLVWPreviewMediaManagerP07previewE20ContentFromLocalPath04fileK0ySS_tKF",
            "mangledName": "$s16IONFileViewerLib26IONFLVWPreviewMediaManagerP07previewE20ContentFromLocalPath04fileK0ySS_tKF",
            "moduleName": "IONFileViewerLib",
            "genericSig": "<τ_0_0 where τ_0_0 : IONFileViewerLib.IONFLVWPreviewMediaManager>",
            "sugared_genericSig": "<Self where Self : IONFileViewerLib.IONFLVWPreviewMediaManager>",
            "protocolReq": true,
            "throwing": true,
            "reqNewWitnessTableEntry": true,
            "funcSelfKind": "NonMutating"
          },
          {
            "kind": "Function",
            "name": "previewMediaContentFromResources",
            "printedName": "previewMediaContentFromResources(assetPath:)",
            "children": [
              {
                "kind": "TypeNominal",
                "name": "Void",
                "printedName": "()"
              },
              {
                "kind": "TypeNominal",
                "name": "String",
                "printedName": "Swift.String",
                "usr": "s:SS"
              }
            ],
            "declKind": "Func",
            "usr": "s:16IONFileViewerLib26IONFLVWPreviewMediaManagerP07previewE20ContentFromResources9assetPathySS_tKF",
            "mangledName": "$s16IONFileViewerLib26IONFLVWPreviewMediaManagerP07previewE20ContentFromResources9assetPathySS_tKF",
            "moduleName": "IONFileViewerLib",
            "genericSig": "<τ_0_0 where τ_0_0 : IONFileViewerLib.IONFLVWPreviewMediaManager>",
            "sugared_genericSig": "<Self where Self : IONFileViewerLib.IONFLVWPreviewMediaManager>",
            "protocolReq": true,
            "throwing": true,
            "reqNewWitnessTableEntry": true,
            "funcSelfKind": "NonMutating"
          },
          {
            "kind": "Function",
            "name": "previewMediaContentFromUrl",
            "printedName": "previewMediaContentFromUrl(url:)",
            "children": [
              {
                "kind": "TypeNominal",
                "name": "Void",
                "printedName": "()"
              },
              {
                "kind": "TypeNominal",
                "name": "String",
                "printedName": "Swift.String",
                "usr": "s:SS"
              }
            ],
            "declKind": "Func",
            "usr": "s:16IONFileViewerLib26IONFLVWPreviewMediaManagerP07previewE14ContentFromUrl3urlySS_tKF",
            "mangledName": "$s16IONFileViewerLib26IONFLVWPreviewMediaManagerP07previewE14ContentFromUrl3urlySS_tKF",
            "moduleName": "IONFileViewerLib",
            "genericSig": "<τ_0_0 where τ_0_0 : IONFileViewerLib.IONFLVWPreviewMediaManager>",
            "sugared_genericSig": "<Self where Self : IONFileViewerLib.IONFLVWPreviewMediaManager>",
            "protocolReq": true,
            "throwing": true,
            "reqNewWitnessTableEntry": true,
            "funcSelfKind": "NonMutating"
          }
        ],
        "declKind": "Protocol",
        "usr": "s:16IONFileViewerLib26IONFLVWPreviewMediaManagerP",
        "mangledName": "$s16IONFileViewerLib26IONFLVWPreviewMediaManagerP",
        "moduleName": "IONFileViewerLib",
        "declAttributes": [
          "AccessControl"
        ]
      },
      {
        "kind": "Import",
        "name": "Foundation",
        "printedName": "Foundation",
        "declKind": "Import",
        "moduleName": "IONFileViewerLib"
      },
      {
        "kind": "Import",
        "name": "QuickLook",
        "printedName": "QuickLook",
        "declKind": "Import",
        "moduleName": "IONFileViewerLib"
      },
      {
        "kind": "Import",
        "name": "AVKit",
        "printedName": "AVKit",
        "declKind": "Import",
        "moduleName": "IONFileViewerLib"
      },
      {
        "kind": "Import",
        "name": "Foundation",
        "printedName": "Foundation",
        "declKind": "Import",
        "moduleName": "IONFileViewerLib"
      }
    ],
    "json_format_version": 8
  },
  "ConstValues": [
    {
      "filePath": "\/Users\/runner\/work\/ion-ios-fileviewer\/ion-ios-fileviewer\/IONFileViewerLib\/IONFLVWDocumentOpener.swift",
      "kind": "BooleanLiteral",
      "offset": 1271,
      "length": 4,
      "value": "true"
    },
    {
      "filePath": "\/Users\/runner\/work\/ion-ios-fileviewer\/ion-ios-fileviewer\/IONFileViewerLib\/IONFLVWDocumentOpener.swift",
      "kind": "BooleanLiteral",
      "offset": 1831,
      "length": 4,
      "value": "true"
    },
    {
      "filePath": "\/Users\/runner\/work\/ion-ios-fileviewer\/ion-ios-fileviewer\/IONFileViewerLib\/IONFLVWDocumentOpener.swift",
      "kind": "StringLiteral",
      "offset": 20,
      "length": 21,
      "value": "\"IONFileViewerLib.IONFLVWDocumentOpener\""
    },
    {
      "filePath": "\/Users\/runner\/work\/ion-ios-fileviewer\/ion-ios-fileviewer\/IONFileViewerLib\/IONFLVWDocumentOpener.swift",
      "kind": "StringLiteral",
      "offset": 2231,
      "length": 13,
      "value": "\"public.data\""
    },
    {
      "filePath": "\/Users\/runner\/work\/ion-ios-fileviewer\/ion-ios-fileviewer\/IONFileViewerLib\/IONFLVWDocumentOpener.swift",
      "kind": "StringLiteral",
      "offset": 2260,
      "length": 25,
      "value": "\"IONFileViewerLib.IONFLVWDocumentInteractor\""
    },
    {
      "filePath": "\/Users\/runner\/work\/ion-ios-fileviewer\/ion-ios-fileviewer\/IONFileViewerLib\/IONFLVWFileDownloader.swift",
      "kind": "StringLiteral",
      "offset": 605,
      "length": 3,
      "value": "\".\""
    },
    {
      "filePath": "\/Users\/runner\/work\/ion-ios-fileviewer\/ion-ios-fileviewer\/IONFileViewerLib\/IONFLVWFileDownloader.swift",
      "kind": "BooleanLiteral",
      "offset": 767,
      "length": 4,
      "value": "true"
    },
    {
      "filePath": "\/Users\/runner\/work\/ion-ios-fileviewer\/ion-ios-fileviewer\/IONFileViewerLib\/IONFLVWFileDownloader.swift",
      "kind": "IntegerLiteral",
      "offset": 1018,
      "length": 3,
      "value": "200"
    },
    {
      "filePath": "\/Users\/runner\/work\/ion-ios-fileviewer\/ion-ios-fileviewer\/IONFileViewerLib\/IONFLVWFileDownloader.swift",
      "kind": "BooleanLiteral",
      "offset": 1247,
      "length": 4,
      "value": "true"
    },
    {
      "filePath": "\/Users\/runner\/work\/ion-ios-fileviewer\/ion-ios-fileviewer\/IONFileViewerLib\/IONFLVWFileDownloader.swift",
      "kind": "BooleanLiteral",
      "offset": 1333,
      "length": 5,
      "value": "false"
    },
    {
      "filePath": "\/Users\/runner\/work\/ion-ios-fileviewer\/ion-ios-fileviewer\/IONFileViewerLib\/IONFLVWFileDownloader.swift",
      "kind": "BooleanLiteral",
      "offset": 1445,
      "length": 5,
      "value": "false"
    },
    {
      "filePath": "\/Users\/runner\/work\/ion-ios-fileviewer\/ion-ios-fileviewer\/IONFileViewerLib\/IONFLVWManager.swift",
      "kind": "StringLiteral",
      "offset": 1463,
      "length": 3,
      "value": "\" \""
    },
    {
      "filePath": "\/Users\/runner\/work\/ion-ios-fileviewer\/ion-ios-fileviewer\/IONFileViewerLib\/IONFLVWManager.swift",
      "kind": "StringLiteral",
      "offset": 1474,
      "length": 5,
      "value": "\"%20\""
    },
    {
      "filePath": "\/Users\/runner\/work\/ion-ios-fileviewer\/ion-ios-fileviewer\/IONFileViewerLib\/IONFLVWManager.swift",
      "kind": "StringLiteral",
      "offset": 3937,
      "length": 3,
      "value": "\".\""
    },
    {
      "filePath": "\/Users\/runner\/work\/ion-ios-fileviewer\/ion-ios-fileviewer\/IONFileViewerLib\/IONFLVWManager.swift",
      "kind": "IntegerLiteral",
      "offset": 3998,
      "length": 1,
      "value": "1"
    },
    {
      "filePath": "\/Users\/runner\/work\/ion-ios-fileviewer\/ion-ios-fileviewer\/IONFileViewerLib\/IONFLVWManager.swift",
      "kind": "IntegerLiteral",
      "offset": 4120,
      "length": 1,
      "value": "1"
    },
    {
      "filePath": "\/Users\/runner\/work\/ion-ios-fileviewer\/ion-ios-fileviewer\/IONFileViewerLib\/IONFLVWManager.swift",
      "kind": "IntegerLiteral",
      "offset": 4294,
      "length": 1,
      "value": "0"
    },
    {
      "filePath": "\/Users\/runner\/work\/ion-ios-fileviewer\/ion-ios-fileviewer\/IONFileViewerLib\/IONFLVWManager.swift",
      "kind": "IntegerLiteral",
      "offset": 4321,
      "length": 1,
      "value": "1"
    },
    {
      "filePath": "\/Users\/runner\/work\/ion-ios-fileviewer\/ion-ios-fileviewer\/IONFileViewerLib\/IONFLVWManager+Errors.swift",
      "kind": "StringLiteral",
      "offset": 395,
      "length": 58,
      "value": "\"The file you are trying to open does not exist - \""
    },
    {
      "filePath": "\/Users\/runner\/work\/ion-ios-fileviewer\/ion-ios-fileviewer\/IONFileViewerLib\/IONFLVWManager+Errors.swift",
      "kind": "StringLiteral",
      "offset": 452,
      "length": 1,
      "value": "\"\""
    },
    {
      "filePath": "\/Users\/runner\/work\/ion-ios-fileviewer\/ion-ios-fileviewer\/IONFileViewerLib\/IONFLVWManager+Errors.swift",
      "kind": "StringLiteral",
      "offset": 483,
      "length": 27,
      "value": "\"No file path was provided\""
    },
    {
      "filePath": "\/Users\/runner\/work\/ion-ios-fileviewer\/ion-ios-fileviewer\/IONFileViewerLib\/IONFLVWManager+Errors.swift",
      "kind": "StringLiteral",
      "offset": 547,
      "length": 29,
      "value": "\"Could not open the document\""
    },
    {
      "filePath": "\/Users\/runner\/work\/ion-ios-fileviewer\/ion-ios-fileviewer\/IONFileViewerLib\/IONFLVWManager+Errors.swift",
      "kind": "StringLiteral",
      "offset": 612,
      "length": 54,
      "value": "\"The URL you are trying to open is malformed - \""
    },
    {
      "filePath": "\/Users\/runner\/work\/ion-ios-fileviewer\/ion-ios-fileviewer\/IONFileViewerLib\/IONFLVWManager+Errors.swift",
      "kind": "StringLiteral",
      "offset": 665,
      "length": 1,
      "value": "\"\""
    },
    {
      "filePath": "\/Users\/runner\/work\/ion-ios-fileviewer\/ion-ios-fileviewer\/IONFileViewerLib\/IONFLVWManager+Errors.swift",
      "kind": "StringLiteral",
      "offset": 698,
      "length": 41,
      "value": "\"The URL to open is either null or empty\""
    },
    {
      "filePath": "\/Users\/runner\/work\/ion-ios-fileviewer\/ion-ios-fileviewer\/IONFileViewerLib\/IONFLVWManager+Errors.swift",
      "kind": "StringLiteral",
      "offset": 770,
      "length": 21,
      "value": "\"The download failed\""
    },
    {
      "filePath": "\/Users\/runner\/work\/ion-ios-fileviewer\/ion-ios-fileviewer\/IONFileViewerLib\/IONFLVWManager+Errors.swift",
      "kind": "StringLiteral",
      "offset": 828,
      "length": 27,
      "value": "\"The file has no extension\""
    },
    {
      "filePath": "\/Users\/runner\/work\/ion-ios-fileviewer\/ion-ios-fileviewer\/IONFileViewerLib\/IONFLVWPreviewer.swift",
      "kind": "BooleanLiteral",
      "offset": 626,
      "length": 4,
      "value": "true"
    },
    {
      "filePath": "\/Users\/runner\/work\/ion-ios-fileviewer\/ion-ios-fileviewer\/IONFileViewerLib\/IONFLVWPreviewer.swift",
      "kind": "IntegerLiteral",
      "offset": 835,
      "length": 1,
      "value": "1"
    },
    {
      "filePath": "\/Users\/runner\/work\/ion-ios-fileviewer\/ion-ios-fileviewer\/IONFileViewerLib\/String+Extension.swift",
      "kind": "StringLiteral",
      "offset": 90,
      "length": 126,
      "value": "\"http[s]?:\/\/(([^\/:.[:space:]]+(.[^\/:.[:space:]]+)*)|([0-9](.[0-9]{3})))(:[0-9]+)?((\/[^?#[:space:]]+)([^#[:space:]]+)?(#.+)?)?\""
    },
    {
      "filePath": "\/Users\/runner\/work\/ion-ios-fileviewer\/ion-ios-fileviewer\/IONFileViewerLib\/String+Extension.swift",
      "kind": "StringLiteral",
      "offset": 252,
      "length": 17,
      "value": "\"SELF MATCHES %@\""
    }
  ]
}